{"cameraMode":{"drawMode":0,"name":"Shaded","section":"Shading Mode"},"sceneLighting":false,"audioPlay":false,"sceneViewState":{"showFog":true,"showMaterialUpdate":false,"showSkybox":false,"showFlares":true,"showImageEffects":true,"showParticleSystems":true},"in2DMode":false,"pivot":{"x":-2.846898317337036,"y":3.0609211921691896,"z":2.681478500366211},"rotation":{"x":-0.1818990558385849,"y":0.06396172195672989,"z":-0.011857755482196808,"w":-0.981164813041687},"size":21.010000228881837,"orthographic":false}