{"cameraMode":{"drawMode":0,"name":"Shaded","section":"Shading Mode"},"sceneLighting":false,"audioPlay":false,"sceneViewState":{"showFog":true,"showMaterialUpdate":false,"showSkybox":false,"showFlares":true,"showImageEffects":true,"showParticleSystems":true},"in2DMode":false,"pivot":{"x":-1.784959316253662,"y":-3.7300000190734865,"z":1.1799999475479127},"rotation":{"x":-0.13768398761749268,"y":0.15297143161296845,"z":-0.021529361605644227,"w":-0.9783734083175659},"size":9.604690551757813,"orthographic":false}