{"cameraMode":{"drawMode":0,"name":"Shaded","section":"Shading Mode"},"sceneLighting":false,"audioPlay":false,"sceneViewState":{"showFog":true,"showMaterialUpdate":false,"showSkybox":false,"showFlares":true,"showImageEffects":true,"showParticleSystems":true},"in2DMode":false,"pivot":{"x":5.809999942779541,"y":1.940000057220459,"z":0.0},"rotation":{"x":-0.006309915333986282,"y":0.0020972657948732378,"z":-0.000013631733963848092,"w":-0.999987006187439},"size":2.395406723022461,"orthographic":false}