{"cameraMode":{"drawMode":0,"name":"Shaded","section":"Shading Mode"},"sceneLighting":false,"audioPlay":false,"sceneViewState":{"showFog":true,"showMaterialUpdate":false,"showSkybox":false,"showFlares":true,"showImageEffects":true,"showParticleSystems":true},"in2DMode":false,"pivot":{"x":220.11500549316407,"y":164.61500549316407,"z":0.0},"rotation":{"x":-0.0002998945419676602,"y":-0.1843479424715042,"z":0.00007673584332223982,"w":-0.9828904271125794},"size":1.195167899131775,"orthographic":true}